"2008/1/4","14900","14900","14560","14660","73845"
"2008/1/7","14500","14700","14430","14460","96037"
"2008/1/8","14440","14570","14380","14540","94765"
"2008/1/9","14310","14630","14260","14600","116775"
"2008/1/10","14560","14610","14380","14400","87978"
"2008/1/11","14480","14490","14100","14170","134866"
"2008/1/15","14160","14250","13930","13980","138612"
"2008/1/16","13630","13860","13480","13490","165054"
"2008/1/17","13680","13830","13480","13740","158460"
"2008/1/18","13390","13930","13360","13790","188035"
"2008/1/21","13630","13660","13290","13310","174214"
"2008/1/22","12700","12970","12510","12510","255581"
"2008/1/23","13030","13130","12620","12800","194804"
"2008/1/24","13030","13150","12930","13060","133729"
"2008/1/25","13320","13670","13300","13660","141078"
"2008/1/28","13430","13480","13040","13050","117406"
"2008/1/29","13410","13530","13230","13450","130554"
"2008/1/30","13490","13530","13270","13420","133397"
"2008/1/31","13140","13640","13130","13550","160381"
"2008/2/1","13500","13660","13430","13490","114441"
"2008/2/4","13740","13910","13740","13890","98076"
"2008/2/5","13800","13830","13660","13750","103949"
"2008/2/6","13330","13370","13050","13090","151700"
"2008/2/7","13050","13250","12980","13200","134391"
"2008/2/8","13130","13290","12980","13050","128283"
"2008/2/12","12990","13140","12930","12990","81652"
"2008/2/13","13230","13260","13030","13100","104498"
"2008/2/14","13470","13650","13420","13630","104953"
"2008/2/15","13460","13680","13350","13610","120260"
"2008/2/18","13620","13840","13580","13590","120221"
"2008/2/19","13800","13860","13690","13760","93392"
"2008/2/20","13730","13740","13280","13300","128656"
"2008/2/21","13500","13790","13490","13690","136806"
"2008/2/22","13500","13540","13370","13500","116321"
"2008/2/25","13620","13980","13610","13890","130932"
"2008/2/26","14090","14100","13800","13920","102287"
"2008/2/27","14050","14130","13950","14030","97836"
"2008/2/28","13860","13970","13790","13920","77615"
"2008/2/29","13650","13680","13530","13560","93297"
"2008/3/3","13160","13180","12990","12990","125775"
"2008/3/4","13100","13130","12870","12960","130156"
"2008/3/5","13000","13050","12910","12970","98733"
"2008/3/6","13070","13370","13040","13230","110514"
"2008/3/7","12820","12870","12730","12760","97325"
"2008/3/10","12700","12780","12520","12550","119030"
"2008/3/11","12360","12680","12340","12620","132894"
"2008/3/12","13130","13140","12790","12890","106745"
"2008/3/13","12680","12770","12350","12400","84618"
"2008/3/14","12460","12520","12080","12200","140645"
"2008/3/17","11990","12010","11610","11750","216797"
"2008/3/18","11780","11930","11730","11880","142453"
"2008/3/19","12390","12410","12060","12270","156579"
"2008/3/21","12280","12420","12220","12390","90847"
"2008/3/24","12380","12520","12360","12410","84754"
"2008/3/25","12590","12740","12490","12730","116706"
"2008/3/26","12650","12770","12600","12770","100612"
"2008/3/27","12610","12660","12490","12630","93438"
"2008/3/28","12620","12910","12530","12840","120824"
"2008/3/31","12760","12760","12440","12490","118298"
"2008/4/1","12570","12810","12540","12680","135521"
"2008/4/2","13090","13220","13070","13180","105266"
"2008/4/3","13190","13430","13140","13420","104199"
"2008/4/4","13250","13400","13220","13280","87008"
"2008/4/7","13240","13500","13230","13490","90286"
"2008/4/8","13390","13420","13250","13290","75874"
"2008/4/9","13350","13380","13010","13130","121510"
"2008/4/10","13020","13090","12910","12960","118035"
"2008/4/11","13090","13360","13070","13360","117114"
"2008/4/14","12940","13000","12860","12970","97576"
"2008/4/15","12980","13080","12890","12990","99496"
"2008/4/16","13160","13250","13130","13200","77770"
"2008/4/17","13460","13520","13370","13440","87493"
"2008/4/18","13460","13510","13340","13480","78799"
"2008/4/21","13780","13790","13650","13720","97292"
"2008/4/22","13580","13610","13530","13560","77158"
"2008/4/23","13460","13740","13460","13620","98690"
"2008/4/24","13620","13680","13500","13580","95830"
"2008/4/25","13660","13910","13650","13830","111349"
"2008/4/28","13930","14020","13750","13890","95246"
"2008/4/30","13790","13990","13780","13820","88747"
"2008/5/1","13820","13900","13730","13790","92000"
"2008/5/2","14060","14100","13990","14060","87265"
"2008/5/7","14180","14210","14020","14120","88514"
"2008/5/8","14000","14030","13930","13950","82057"
"2008/5/9","13930","13960","13630","13660","106549"
"2008/5/12","13570","13810","13540","13760","101521"
"2008/5/13","13810","14010","13730","14010","127765"
"2008/5/14","14000","14150","13880","14110","117139"
"2008/5/15","14190","14370","14180","14260","107988"
"2008/5/16","14370","14420","14200","14260","108253"
"2008/5/19","14350","14360","14220","14280","87209"
"2008/5/20","14230","14300","14120","14200","93662"
"2008/5/21","14000","14050","13840","13920","120287"
"2008/5/22","13740","14010","13650","13990","133586"
"2008/5/23","13950","14170","13910","14050","117144"
"2008/5/26","13840","13880","13670","13690","96947"
"2008/5/27","13780","13940","13770","13930","112645"
"2008/5/28","13950","14000","13660","13730","125346"
"2008/5/29","13880","14160","13870","14130","143047"
"2008/5/30","14210","14370","14190","14340","100782"
"2008/6/2","14360","14470","14190","14440","135896"
"2008/6/3","14220","14300","14120","14190","135156"
"2008/6/4","14300","14430","14260","14380","103697"
"2008/6/5","14380","14390","14250","14350","107222"
"2008/6/6","14600","14610","14480","14520","69770"
"2008/6/9","14090","14270","14070","14230","92453"
"2008/6/10","14280","14320","13980","14050","128087"
"2008/6/11","14160","14210","13990","14170","99285"
"2008/6/12","13910","13940","13820","13880",""
"2008/6/13","14010","14070","13820","13980","122184"
"2008/6/16","14150","14400","14120","14340","97611"
"2008/6/17","14420","14430","14310","14390","84506"
"2008/6/18","14340","14500","14330","14440","69406"
"2008/6/19","14310","14310","14080","14140","108362"
"2008/6/20","14180","14220","13910","13960","110361"
"2008/6/23","13730","13940","13670","13850","97804"
"2008/6/24","13770","13900","13750","13890","66458"
"2008/6/25","13800","13890","13650","13880","100040"
"2008/6/26","13880","13980","13820","13850","80975"
"2008/6/27","13500","13600","13470","13530","92894"
"2008/6/30","13610","13630","13460","13470","78922"
"2008/7/1","13510","13600","13460","13460","87896"
"2008/7/2","13500","13510","13250","13290","130623"
"2008/7/3","13190","13360","13140","13220","140310"
"2008/7/4","13290","13310","13140","13280","107163"
"2008/7/7","13210","13430","13180","13370","98475"
"2008/7/8","13300","13310","12990","13000","140707"
"2008/7/9","13230","13310","13040","13120","131865"
"2008/7/10","12950","13160","12920","13050","128538"
"2008/7/11","13060","13190","12920","13090","142787"
"2008/7/14","13010","13200","12970","13050","129853"
"2008/7/15","12890","12900","12720","12760","125342"
"2008/7/16","12730","12840","12680","12730","117966"
"2008/7/17","12920","12950","12860","12920","82656"
"2008/7/18","13010","13030","12770","12850","104490"
"2008/7/22","13030","13230","12960","13200","97913"
"2008/7/23","13280","13410","13240","13360","109628"
"2008/7/24","13450","13660","13420","13660","118320"
"2008/7/25","13420","13460","13330","13360","88760"
"2008/7/28","13450","13480","13330","13350","81083"
"2008/7/29","13190","13200","13020","13130","106334"
"2008/7/30","13300","13390","13280","13370","74219"
"2008/7/31","13440","13490","13250","13360","101754"
"2008/8/1","13270","13280","13030","13030","124372"
"2008/8/4","13070","13130","12910","12950","104324"
"2008/8/5","13000","13070","12890","12920","90656"
"2008/8/6","13170","13300","13130","13230","97187"
"2008/8/7","13250","13260","13030","13130","103829"
"2008/8/8","13050","13270","12960","13170","127281"
"2008/8/11","13310","13470","13300","13390","102072"
"2008/8/12","13370","13430","13280","13310","98928"
"2008/8/13","13190","13200","12940","13040","126710"
"2008/8/14","12900","13100","12900","12950","107232"
"2008/8/15","12980","13030","12950","13030","58107"
"2008/8/18","12940","13270","12920","13170","108139"
"2008/8/19","12940","12950","12780","12850","94386"
"2008/8/20","12750","12930","12740","12860","75272"
"2008/8/21","12900","12910","12720","12750","89696"
"2008/8/22","12730","12740","12620","12670","67068"
"2008/8/25","12860","12950","12850","12870","75822"
"2008/8/26","12690","12810","12650","12780","72666"
"2008/8/27","12750","12790","12680","12780","52025"
"2008/8/28","12850","12860","12720","12770","66916"
"2008/8/29","12940","13090","12940","13060","87694"
"2008/9/1","12900","12950","12820","12840","72416"
"2008/9/2","12820","12920","12480","12610","142980"
"2008/9/3","12730","12770","12640","12680","88823"
"2008/9/4","12600","12670","12510","12580","95643"
"2008/9/5","12220","12270","12150","12200","116914"
"2008/9/8","12500","12680","12470","12650","114156"
"2008/9/9","12510","12520","12330","12390","99650"
"2008/9/10","12160","12410","12120","12330","134851"
"2008/9/11","12200","12250","12060","12120","78157"
"2008/9/12","12190","12240","12010","12170","116825"
"2008/9/16","11570","11650","11480","11580","159633"
"2008/9/17","11780","11840","11650","11730","138108"
"2008/9/18","11290","11490","11240","11410","135414"
"2008/9/19","11750","11890","11680","11880","153753"
"2008/9/22","12230","12250","12040","12050","95415"
"2008/9/24","12000","12140","11860","12120","122819"
"2008/9/25","11920","12090","11870","12040","112619"
"2008/9/26","12040","12130","11810","11960","124428"
"2008/9/29","11930","12120","11780","11780","122491"
"2008/9/30","11090","11470","11080","11320","143944"
"2008/10/1","11510","11520","11350","11440","116346"
"2008/10/2","11490","11520","11150","11150","126749"
"2008/10/3","11070","11170","10950","10960","147590"
"2008/10/6","10760","10790","10400","10450","185679"
"2008/10/7","10050","10400","9930","10210","259758"
"2008/10/8","9750","9850","9030","9090","247063"
"2008/10/9","9200","9470","9110","9200","182346"
"2008/10/10","8200","8470","7840","8020","222828"
"2008/10/14","9330","9720","9230","9680","148416"
"2008/10/15","9300","9640","9270","9490","175611"
"2008/10/16","8300","8740","8230","8250","216560"
"2008/10/17","8710","8810","8540","8700","161737"
"2008/10/20","8830","9090","8690","9090","152712"
"2008/10/21","9320","9380","9140","9240","127776"
"2008/10/22","9040","9080","8620","8660","147512"
"2008/10/23","8220","8540","7990","8450","233596"
"2008/10/24","8270","8300","7580","7620","211986"
"2008/10/27","7450","7900","7090","7160","239091"
"2008/10/28","7100","7730","6990","7730","217482"
"2008/10/29","8200","8380","7750","8300","241315"
"2008/10/30","8500","9130","8320","9030","247166"
"2008/10/31","8780","9040","8440","8450","180169"
"2008/11/4","8990","9160","8880","9100","125301"
"2008/11/5","9430","9570","9240","9520","152462"
"2008/11/6","9010","9080","8770","8800","137121"
"2008/11/7","8350","8870","8240","8660","201048"
"2008/11/10","9020","9150","8920","9120","114704"
"2008/11/11","8900","9060","8690","8780","134677"
"2008/11/12","8540","8780","8520","8740","115429"
"2008/11/13","8200","8410","8130","8260","141290"
"2008/11/14","8760","8780","8390","8480","105934"
"2008/11/17","8320","8800","8200","8490","135457"
"2008/11/18","8310","8450","8280","8320","87494"
"2008/11/19","8260","8380","8110","8270","106407"
"2008/11/20","7950","7980","7650","7680","116517"
"2008/11/21","7410","8000","7360","7950","138598"
"2008/11/25","8350","8410","8070","8340","115538"
"2008/11/26","8200","8330","8130","8140","92841"
"2008/11/27","8380","8470","8290","8370","84840"
"2008/11/28","8400","8530","8330","8520","74710"
"2008/12/1","8450","8450","8300","8400","74247"
"2008/12/2","7900","8060","7840","7880","123176"
"2008/12/3","8010","8070","7880","8040","111012"
"2008/12/4","8040","8100","7840","7880","108534"
"2008/12/5","7990","8030","7860","7900","96244"
"2008/12/8","7970","8370","7970","8370","109805"
"2008/12/9","8350","8500","8310","8400","111973"
"2008/12/10","8370","8720","8360","8630","110030"
"2008/12/11","8590","8730","8500","8690","53983"
"2008/12/12","8420","8630","8070","8290","171308"
"2008/12/15","8500","8710","8490","8630","82439"
"2008/12/16","8590","8640","8470","8560","79685"
"2008/12/17","8750","8800","8410","8650","106980"
"2008/12/18","8540","8750","8520","8660","82311"
"2008/12/19","8660","8790","8580","8600","84032"
"2008/12/22","8560","8780","8560","8740","47238"
"2008/12/24","8580","8630","8480","8550","41551"
"2008/12/25","8540","8660","8540","8660","17665"
"2008/12/26","8660","8770","8620","8730","35720"
"2008/12/29","8720","8770","8640","8750","27135"
"2008/12/30","8710","8910","8700","8830","34508"
"2009/1/5","9220","9240","9010","9070","43333"
"2009/1/6","9220","9220","9040","9070","64435"
"2009/1/7","9170","9340","9140","9240","85632"
"2009/1/8","9020","9070","8860","8870","76553"
"2009/1/9","8930","8970","8780","8850","74717"
"2009/1/13","8540","8540","8370","8370","73384"
"2009/1/14","8390","8530","8360","8370","78634"
"2009/1/15","8030","8160","7990","8040","112817"
"2009/1/16","8140","8290","8060","8240","103562"
"2009/1/19","8330","8340","8210","8250","52023"
"2009/1/20","8140","8160","7950","8050","92333"
"2009/1/21","7790","8010","7780","7870","84841"
"2009/1/22","7990","8050","7800","8030","94847"
"2009/1/23","7930","7930","7720","7730","76056"
"2009/1/26","7680","7800","7580","7590","76753"
"2009/1/27","7820","8110","7790","8080","106437"
"2009/1/28","8050","8180","7920","8110","89013"
"2009/1/29","8260","8310","8130","8200","93898"
"2009/1/30","8020","8030","7910","7940","78889"
"2009/2/2","7830","7960","7790","7870","74561"
"2009/2/3","7850","8100","7770","7770","102986"
"2009/2/4","7890","8090","7850","8010","89728"
"2009/2/5","7950","8100","7890","7930","86582"
"2009/2/6","8120","8180","8020","8060","94293"
"2009/2/9","8250","8270","7900","7910","105692"
"2009/2/10","8120","8140","7900","7950","97232"
"2009/2/12","7800","7860","7660","7750","91278"
"2009/2/13","7780","7890","7720","7770","77835"
"2009/2/16","7710","7800","7680","7720","66619"
"2009/2/17","7670","7710","7600","7640","60790"
"2009/2/18","7480","7610","7460","7580","66052"
"2009/2/19","7620","7640","7530","7570","58287"
"2009/2/20","7550","7560","7370","7380","68631"
"2009/2/23","7200","7420","7190","7380","87873"
"2009/2/24","7190","7300","7140","7290","86703"
"2009/2/25","7460","7480","7320","7480","93031"
"2009/2/26","7460","7600","7420","7430","78342"
"2009/2/27","7430","7590","7400","7560","93838"
"2009/3/2","7320","7370","7220","7250","83198"
"2009/3/3","7100","7290","7080","7210","100195"
"2009/3/4","7120","7320","7090","7270","73543"
"2009/3/5","7340","7540","7330","7410","106721"
"2009/3/6","7210","7280","7150","7170","86753"
"2009/3/9","7170","7230","7020","7050","69748"
"2009/3/10","7060","7110","7010","7040","76969"
"2009/3/11","7340","7410","7280","7390","90361"
"2009/3/12","7350","7360","7150","7150"
"2009/3/13","7390","7520","7370","7510","104914"
"2009/3/16","7590","7700","7580","7680","72780"
"2009/3/17","7710","7920","7660","7890","93543"
"2009/3/18","7940","7990","7820","7920","85589"
"2009/3/19","7960","7980","7840","7860","66125"
"2009/3/23","7900","8200","7870","8180","92209"
"2009/3/24","8400","8460","8230","8400","116694"
"2009/3/25","8460","8510","8340","8440","90024"
"2009/3/26","8450","8710","8390","8710","81978"
"2009/3/27","8700","8860","8610","8630","93442"
"2009/3/30","8640","8660","8190","8200","99465"
"2009/3/31","8210","8400","8060","8120","111454"
"2009/4/1","8200","8400","8090","8380","109573"
"2009/4/2","8530","8770","8460","8690","118156"
"2009/4/3","8900","8900","8700","8730","103391"
"2009/4/6","8950","9010","8820","8890","87972"
"2009/4/7","8870","8910","8790","8860","77644"
"2009/4/8","8730","8740","8560","8580","80726"
"2009/4/9","8680","8950","8680","8930","103816"
"2009/4/10","9090","9100","8860","8970","76271"
"2009/4/13","8940","9040","8880","8890","67558"
"2009/4/14","8980","9000","8750","8850","95286"
"2009/4/15","8770","8810","8680","8740","77538"
"2009/4/16","8880","9050","8720","8750","111087"
"2009/4/17","8920","8970","8840","8940","84652"
"2009/4/20","8890","8940","8820","8930","61763"
"2009/4/21","8690","8770","8610","8770","84026"
"2009/4/22","8780","8820","8680","8750","63528"
"2009/4/23","8800","8880","8640","8830","88756"
"2009/4/24","8840","8860","8690","8740","79772"
"2009/4/27","8810","8850","8650","8750","71372"
"2009/4/28","8680","8820","8490","8510","96788"
"2009/4/30","8770","8860","8740","8860","75756"
"2009/5/1","8870","9050","8820","9030","70733"
"2009/5/7","9380","9410","9290","9370","75000"
"2009/5/8","9400","9470","9350","9460","70732"
"2009/5/11","9470","9510","9340","9450","78238"
"2009/5/12","9340","9400","9300","9320","69109"
"2009/5/13","9320","9390","9270","9360","56668"
"2009/5/14","9140","9170","9050","9130","71112"
"2009/5/15","9160","9280","9150","9270","58610"
"2009/5/18","9100","9110","8990","9080","76210"
"2009/5/19","9330","9340","9260","9300","70057"
"2009/5/20","9380","9410","9310","9330","50634"
"2009/5/21","9280","9300","9180","9280","69967"
"2009/5/22","9120","9280","9110","9230","82455"
"2009/5/25","9260","9410","9250","9340","75528"
"2009/5/26","9370","9390","9230","9340","74540"
"2009/5/27","9460","9500","9400","9430","67906"
"2009/5/28","9360","9500","9350","9450","70226"
"2009/5/29","9510","9520","9430","9510","55753"
"2009/6/1","9530","9710","9490","9700"
"2009/6/2","9810","9820","9700","9720"
"2009/6/3","9750","9780","9730","9770"
"2009/6/4","9690","9750","9660","9700"
"2009/6/5","9780","9790","9730","9780"
"2009/6/8","9840","9930","9830","9860"
"2009/6/9","9850","9870","9760","9780"
"2009/6/10","9860","10010","9820","10000"
"2009/6/11","10000","10030","9970","10020"
"2009/6/12","10030","10180","10030","10140","78046"
"2009/6/15","10110","10140","10030","10040","55338"
"2009/6/16","9910","9920","9750","9770","72169"
"2009/6/17","9720","9850","9710","9830","77664"
"2009/6/18","9770","9780","9650","9730","58565"
"2009/6/19","9760","9830","9700","9770","69861"
"2009/6/22","9790","9900","9760","9830","63208"
"2009/6/23","9640","9650","9510","9540","84690"
"2009/6/24","9600","9630","9540","9570","54793"
"2009/6/25","9640","9890","9620","9790","96715"
"2009/6/26","9850","9910","9790","9900","59665"
"2009/6/29","9890","9950","9750","9820","73058"
"2009/6/30","9920","10010","9920","9930","77038"
"2009/7/1","9870","10090","9860","9930","101346"
"2009/7/2","9970","9990","9870","9890","75647"
"2009/7/3","9730","9850","9680","9840","76971"
"2009/7/6","9730","9780","9650","9700","59660"
"2009/7/7","9710","9740","9620","9640","65543"
"2009/7/8","9530","9550","9410","9410","78126"
"2009/7/9","9350","9390","9270","9310","73279"
"2009/7/10","9350","9380","9250","9250","59483"
"2009/7/13","9240","9350","9030","9040","108866"
"2009/7/14","9240","9300","9170","9250","89915"
"2009/7/15","9330","9340","9250","9290","67740"
"2009/7/16","9500","9500","9310","9330","74425"
"2009/7/17","9410","9430","9360","9380","45383"
"2009/7/21","9570","9660","9500","9650","63961"
"2009/7/22","9630","9760","9600","9730","66956"
"2009/7/23","9710","9870","9700","9780","72299"
"2009/7/24","9940","9960","9860","9940","74208"
"2009/7/27","10040","10190","10020","10080","85996"
"2009/7/28","10120","10130","10040","10080","57767"
"2009/7/29","10030","10170","10020","10110","71150"
"2009/7/30","10170","10210","10060","10200","70009"
"2009/7/31","10310","10380","10250","10370","72509"
"2009/8/3","10360","10390","10320","10360","50414"
"2009/8/4","10480","10490","10360","10400","61393"
"2009/8/5","10410","10420","10240","10250","61572"
"2009/8/6","10270","10440","10260","10400","94535"
"2009/8/7","10370","10430","10250","10420","73813"
"2009/8/10","10550","10600","10480","10550","80525"
"2009/8/11","10530","10600","10510","10580","52766"
"2009/8/12","10490","10530","10430","10440","51686"
"2009/8/13","10520","10560","10490","10520","40785"
"2009/8/14","10520","10640","10510","10590","66982"
"2009/8/17","10510","10520","10240","10250","92960"
"2009/8/18","10200","10330","10170","10300","101547"
"2009/8/19","10270","10330","10180","10210","74011"
"2009/8/20","10240","10410","10190","10360","81578"
"2009/8/21","10360","10370","10130","10280","96804"
"2009/8/24","10470","10600","10470","10550","73363"
"2009/8/25","10510","10570","10460","10500","68553"
"2009/8/26","10550","10680","10520","10640","87119"
"2009/8/27","10570","10580","10390","10510","94528"
"2009/8/28","10560","10570","10470","10530","61961"
"2009/8/31","10630","10770","10420","10450","132480"
"2009/9/1","10460","10590","10430","10500","81703"
"2009/9/2","10280","10310","10210","10310","82625"
"2009/9/3","10250","10300","10180","10200","64881"
"2009/9/4","10250","10260","10140","10190","59293"
"2009/9/7","10310","10330","10270","10310","40111"
"2009/9/8","10360","10410","10300","10410","53473"
"2009/9/9","10350","10390","10240","10340","65305"
"2009/9/10","10380","10530","10380","10510","46473"
"2009/9/11","10430","10490","10360","10400","70122"
"2009/9/14","10340","10350","10120","10180","75860"
"2009/9/15","10230","10260","10140","10190","53019"
"2009/9/16","10230","10370","10200","10210","84167"
"2009/9/17","10350","10400","10300","10380","73395"
"2009/9/18","10330","10370","10250","10340","77303"
"2009/9/24","10360","10530","10350","10460","85959"
"2009/9/25","10340","10350","10230","10310","76390"
"2009/9/28","10080","10100","9970","10030","89702"
"2009/9/29","10120","10140","10060","10100","65641"
"2009/9/30","10120","10150","10070","10110","47744"
"2009/10/1","10050","10080","9960","9980","55713"
"2009/10/2","9790","9800","9710","9730","65040"
"2009/10/5","9740","9770","9670","9680","49039"
"2009/10/6","9750","9760","9630","9680","60701"
"2009/10/7","9770","9830","9750","9790","62880"
"2009/10/8","9790","9870","9740","9860","65094"
"2009/10/9","9870","10010","9850","10010","77840"
"2009/10/13","10050","10130","10030","10090","54910"
"2009/10/14","10120","10120","10020","10080","63859"
"2009/10/15","10210","10290","10200","10240","68673"
"2009/10/16","10310","10310","10220","10270","53086"
"2009/10/19","10180","10280","10130","10250","58631"
"2009/10/20","10350","10370","10310","10330","43556"
"2009/10/21","10290","10360","10280","10330","40159"
"2009/10/22","10240","10290","10160","10270","64099"
"2009/10/23","10350","10380","10280","10290","49830"
"2009/10/26","10280","10410","10250","10360","56870"
"2009/10/27","10280","10300","10200","10250","64909"
"2009/10/28","10190","10220","10070","10080","62794"
"2009/10/29","9880","9940","9850","9880","66807"
"2009/10/30","10040","10050","9980","10010","53705"
"2009/11/2","9730","9830","9720","9830","59577"
"2009/11/4","9780","9850","9760","9820","46300"
"2009/11/5","9780","9830","9680","9700","64047"
"2009/11/6","9830","9860","9760","9780","51143"
"2009/11/9","9760","9850","9730","9800","46864"
"2009/11/10","9920","9990","9850","9870","61407"
"2009/11/11","9930","9960","9850","9880","56680"
"2009/11/12","9930","9950","9780","9790","69928"
"2009/11/13","9790","9820","9710","9750","60524"
"2009/11/16","9800","9810","9720","9800","53986"
"2009/11/17","9840","9860","9710","9740","68520"
"2009/11/18","9740","9800","9630","9670","73173"
"2009/11/19","9680","9700","9490","9550","90423"
"2009/11/20","9450","9520","9420","9490","75346"
"2009/11/24","9510","9520","9390","9390","59375"
"2009/11/25","9380","9450","9370","9450","61984"
"2009/11/26","9340","9460","9320","9390","73825"
"2009/11/27","9170","9240","9060","9070","106685"
"2009/11/30","9190","9350","9180","9330","86470"
"2009/12/1","9220","9570","9220","9550","126949"
"2009/12/2","9520","9650","9500","9630","82052"
"2009/12/3","9740","9980","9740","9950","123878"
"2009/12/4","10010","10030","9900","10000","90229"
"2009/12/7","10170","10210","10100","10150","77539"
"2009/12/8","10070","10160","10060","10120","55577"
"2009/12/9","10040","10050","9980","10000","58993"
"2009/12/10","9960","10040","9820","9830","53674"
"2009/12/11","9970","10100","9900","10100","74952"
"2009/12/14","10110","10120","10000","10100","62408"
"2009/12/15","10040","10110","10020","10070","40778"
"2009/12/16","10220","10230","10110","10180","64688"
"2009/12/17","10210","10260","10150","10150","41998"
"2009/12/18","10110","10160","10010","10140","58933"
"2009/12/21","10200","10210","10180","10190","25086"
"2009/12/22","10240","10380","10230","10350","43270"
"2009/12/24","10470","10560","10450","10510","44591"
"2009/12/25","10510","10520","10470","10510","24411"
"2009/12/28","10540","10670","10520","10630","43586"
"2009/12/29","10600","10720","10590","10650","49255"
"2009/12/30","10710","10730","10530","10540","48704"
"2010/1/4","10600","10700","10590","10640","38684"
"2010/1/5","10780","10800","10660","10690","81005"
"2010/1/6","10720","10780","10660","10710","68659"
"2010/1/7","10730","10780","10640","10700","69979"
"2010/1/8","10780","10830","10670","10810","80521"
"2010/1/12","10760","10910","10750","10890","74862"
"2010/1/13","10780","10860","10710","10720","88088"
"2010/1/14","10800","10910","10770","10890","67596"
"2010/1/15","10910","10980","10870","10970","78633"
"2010/1/18","10850","10880","10770","10840","78254"
"2010/1/19","10870","10870","10740","10760","64287"
"2010/1/20","10860","10860","10700","10710","68473"
"2010/1/21","10700","10890","10640","10840","104908"
"2010/1/22","10630","10670","10510","10590","119257"
"2010/1/25","10410","10560","10400","10510","85998"
"2010/1/26","10500","10570","10320","10340","91766"
"2010/1/27","10350","10380","10250","10270","74513"
"2010/1/28","10320","10470","10290","10420","80113"
"2010/1/29","10260","10330","10150","10160","90515"
"2010/2/1","10220","10230","10120","10190","73631"
"2010/2/2","10320","10400","10300","10370","74601"
"2010/2/3","10410","10430","10350","10420","68954"
"2010/2/4","10430","10440","10280","10350","60763"
"2010/2/5","10070","10120","10020","10060","81294"
"2010/2/8","9960","10060","9930","9960","81051"
"2010/2/9","9890","9960","9860","9940","65026"
"2010/2/10","10020","10050","9950","9990","56275"
"2010/2/12","10080","10100","10010","10100","50016"
"2010/2/15","10090","10120","10000","10010","42511"
"2010/2/16","10040","10060","10010","10020","22962"
"2010/2/17","10160","10310","10150","10290","63653"
"2010/2/18","10320","10340","10280","10330","45299"
"2010/2/19","10330","10360","10120","10140","83080"
"2010/2/22","10320","10450","10320","10370","86392"
"2010/2/23","10340","10370","10270","10350","55670"
"2010/2/24","10200","10250","10120","10200","78106"
"2010/2/25","10240","10270","10080","10100","82757"
"2010/2/26","10130","10180","10080","10100","55307"
"2010/3/1","10150","10220","10110","10170","55441"
"2010/3/2","10190","10250","10140","10230","58946"
"2010/3/3","10200","10280","10180","10230","66951"
"2010/3/4","10250","10270","10130","10140","69176"
"2010/3/5","10260","10390","10260","10370","74450"
"2010/3/8","10560","10590","10510","10580","61438"
"2010/3/9","10560","10600","10540","10560","39152"
"2010/3/10","10580","10590","10550","10570","27454"
"2010/3/11","10610","10680","10580","10680","36456"
"2010/3/12","10690","10720","10630","10680","55496"
"2010/3/15","10740","10750","10650","10670","36077"
"2010/3/16","10660","10720","10650","10670","40855"
"2010/3/17","10730","10810","10690","10780","61844"
"2010/3/18","10780","10790","10670","10690","52888"
"2010/3/19","10740","10770","10710","10750","42449"
"2010/3/23","10720","10760","10700","10720","33221"
"2010/3/24","10780","10830","10700","10740","47892"
"2010/3/25","10790","10810","10740","10770","43997"
"2010/3/26","10830","10950","10820","10930","57117"
"2010/3/29","10910","11020","10900","11020","47851"
"2010/3/30","11030","11130","11010","11120","58098"
"2010/3/31","11130","11160","11080","11100","53123"
"2010/4/1","11160","11290","11120","11230","61648"
"2010/4/2","11300","11330","11240","11310","51285"
"2010/4/5","11370","11390","11310","11360","46046"
"2010/4/6","11360","11370","11220","11280","72395"
"2010/4/7","11300","11370","11270","11290","55900"
"2010/4/8","11190","11240","11160","11170","57516"
"2010/4/9","11210","11220","11150","11210","48090"
"2010/4/12","11300","11370","11250","11260","65222"
"2010/4/13","11210","11230","11090","11150","72629"
"2010/4/14","11240","11280","11160","11210","65165"
"2010/4/15","11310","11330","11260","11270","52607"
"2010/4/16","11230","11240","11080","11090","74051"
"2010/4/19","10940","10960","10880","10910","65793"
"2010/4/20","10960","11010","10890","10900","62646"
"2010/4/21","11030","11100","11020","11100","56298"
"2010/4/22","10980","10990","10860","10950","76020"
"2010/4/23","10920","10970","10860","10950","70307"
"2010/4/26","11050","11170","11050","11160","57205"
"2010/4/27","11120","11220","11110","11210","50214"
"2010/4/28","10900","10980","10870","10940","71449"
"2010/4/30","11080","11100","11030","11050","40045"
"2010/5/6","10710","10740","10670","10680","55746"
"2010/5/7","10220","10440","10200","10430","105589"
"2010/5/10","10410","10550","10370","10540","96315"
"2010/5/11","10630","10640","10390","10400","112168"
"2010/5/12","10460","10510","10340","10370","100145"
"2010/5/13","10570","10650","10540","10640","69790"
"2010/5/14","10440","10560","10380","10450","96158"
"2010/5/17","10300","10330","10150","10240","95261"
"2010/5/18","10310","10340","10200","10260","86688"
"2010/5/19","10080","10190","10040","10140","103169"
"2010/5/20","10100","10170","10000","10040","93312"
"2010/5/21","9730","9830","9690","9730","118225"
"2010/5/24","9750","9790","9690","9760","76114"
"2010/5/25","9620","9640","9420","9440","107580"
"2010/5/26","9580","9630","9470","9490","112632"
"2010/5/27","9400","9650","9390","9650","103876"
"2010/5/28","9800","9830","9690","9800","97997"
"2010/5/31","9740","9830","9720","9760","71421"
"2010/6/1","9730","9750","9650","9740","85945"
"2010/6/2","9620","9770","9550","9610","99580"
"2010/6/3","9790","9950","9770","9940","80287"
"2010/6/4","9900","9970","9860","9930","64786"
"2010/6/7","9630","9640","9490","9510","98736"
"2010/6/8","9440","9590","9420","9530","73424"
"2010/6/9","9460","9490","9370","9480","82929"
"2010/6/10","9500","9550","9440","9530","39530"
"2010/6/11","9720","9770","9660","9710","53556"
"2010/6/14","9830","9890","9820","9880","37767"
"2010/6/15","9840","9910","9820","9840","36284"
"2010/6/16","10040","10110","10030","10090","51792"
"2010/6/17","10000","10050","9980","10010","39012"
"2010/6/18","10040","10040","9960","10000","38476"
"2010/6/21","10120","10250","10100","10230","65487"
"2010/6/22","10140","10180","10100","10110","43269"
"2010/6/23","9960","9970","9900","9900","40838"
"2010/6/24","9900","10010","9890","9910","40278"
"2010/6/25","9770","9790","9690","9740","54376"
"2010/6/28","9760","9770","9670","9690","41575"
"2010/6/29","9720","9770","9540","9550","77255"
"2010/6/30","9380","9420","9340","9360","73714"
"2010/7/1","9280","9300","9140","9180","82735"
"2010/7/2","9230","9250","9150","9210","72136"
"2010/7/5","9230","9280","9200","9260","39554"
"2010/7/6","9140","9360","9080","9350","79368"
"2010/7/7","9300","9330","9210","9290","68974"
"2010/7/8","9520","9550","9490","9540","59964"
"2010/7/9","9550","9610","9510","9580","60777"
"2010/7/12","9540","9640","9530","9550","51402"
"2010/7/13","9600","9630","9490","9530","54643"
"2010/7/14","9750","9810","9740","9790","53786"
"2010/7/15","9710","9730","9660","9670","50814"
"2010/7/16","9610","9640","9380","9400","81190"
"2010/7/20","9250","9380","9240","9300","61374"
"2010/7/21","9390","9400","9220","9280","59745"
"2010/7/22","9220","9260","9170","9200","60473"
"2010/7/23","9420","9480","9360","9440","55184"
"2010/7/26","9530","9560","9480","9490","41442"
"2010/7/27","9500","9540","9480","9500","42383"
"2010/7/28","9630","9760","9620","9730","60101"
"2010/7/29","9650","9740","9640","9690","34105"
"2010/7/30","9650","9660","9500","9530","58901"
"2010/8/2","9580","9680","9540","9560","67793"
"2010/8/3","9730","9750","9620","9680","58115"
"2010/8/4","9600","9610","9470","9490","74020"
"2010/8/5","9670","9690","9570","9620","60035"
"2010/8/6","9560","9660","9530","9650","46299"
"2010/8/9","9510","9570","9500","9560","42271"
"2010/8/10","9620","9670","9500","9540","67049"
"2010/8/11","9430","9450","9270","9280","79483"
"2010/8/12","9120","9210","9050","9190","85514"
"2010/8/13","9200","9280","9150","9270","56062"
"2010/8/16","9130","9210","9080","9180","54212"
"2010/8/17","9080","9190","9070","9170","52021"
"2010/8/18","9250","9280","9140","9240","69844"
"2010/8/19","9230","9380","9230","9360","70034"
"2010/8/20","9210","9290","9150","9160","64069"
"2010/8/23","9130","9170","9080","9100","41139"
"2010/8/24","9020","9070","8960","8970","62156"
"2010/8/25","8900","8950","8790","8830","84533"
"2010/8/26","8890","8910","8820","8890","53851"
"2010/8/27","8810","9020","8800","8970","83219"
"2010/8/30","9170","9290","9110","9130","75330"
"2010/8/31","8990","9010","8790","8800","79807"
"2010/9/1","8820","8940","8790","8930","60455"
"2010/9/2","9080","9090","8950","9040","62919"
"2010/9/3","9100","9150","9040","9100","54666"
"2010/9/6","9200","9310","9170","9290","64831"
"2010/9/7","9220","9320","9200","9220","51432"
"2010/9/8","9090","9110","8990","9010","56386"
"2010/9/9","9130","9140","9060","9090","33614"
"2010/9/10","9090","9240","9080","9180","68133"
"2010/9/13","9300","9350","9250","9260","55057"
"2010/9/14","9260","9280","9200","9250","55124"
"2010/9/15","9190","9540","9140","9470","148943"
"2010/9/16","9560","9580","9420","9430","77778"
"2010/9/17","9550","9600","9500","9570","50298"
"2010/9/21","9630","9650","9520","9530","49395"
"2010/9/22","9500","9580","9490","9520","49305"
"2010/9/24","9370","9560","9360","9400","84995"
"2010/9/27","9500","9570","9480","9540","49163"
"2010/9/28","9520","9560","9470","9490","41436"
"2010/9/29","9540","9610","9500","9560","63481"
"2010/9/30","9560","9570","9360","9360","75801"